{"itg-down-1-4":[1,1,128,128],"itg-down-1-4-mip-1":[131,1,64,64],"itg-down-1-4-mip-2":[131,67,32,32],"itg-down-1-4-mip-3":[131,101,16,16],"itg-down-1-4-mip-4":[131,119,8,8],"itg-down-1-4-mip-5":[141,119,4,4],"itg-down-1-4-mip-6":[141,125,2,2],"itg-down-1-4-mip-7":[145,125,1,1],"itg-down-1-4-selected":[197,1,128,128],"itg-down-1-4-selected-mip-1":[327,1,64,64],"itg-down-1-4-selected-mip-2":[327,67,32,32],"itg-down-1-4-selected-mip-3":[165,67,16,16],"itg-down-1-4-selected-mip-4":[149,101,8,8],"itg-down-1-4-selected-mip-5":[159,101,4,4],"itg-down-1-4-selected-mip-6":[159,107,2,2],"itg-down-1-4-selected-mip-7":[145,128,1,1],"itg-solo-1-4":[393,1,128,128],"itg-solo-1-4-mip-1":[523,1,64,64],"itg-solo-1-4-mip-2":[523,67,32,32],"itg-solo-1-4-mip-3":[165,85,16,16],"itg-solo-1-4-mip-4":[149,111,8,8],"itg-solo-1-4-mip-5":[159,111,4,4],"itg-solo-1-4-mip-6":[159,117,2,2],"itg-solo-1-4-mip-7":[149,121,1,1],"itg-solo-1-4-selected":[589,1,128,128],"itg-solo-1-4-selected-mip-1":[719,1,64,64],"itg-solo-1-4-selected-mip-2":[719,67,32,32],"itg-solo-1-4-selected-mip-3":[165,103,16,16],"itg-solo-1-4-selected-mip-4":[152,121,8,8],"itg-solo-1-4-selected-mip-5":[183,67,4,4],"itg-solo-1-4-selected-mip-6":[189,67,2,2],"itg-solo-1-4-selected-mip-7":[149,124,1,1],"itg-center-1-4":[785,1,128,128],"itg-center-1-4-mip-1":[915,1,64,64],"itg-center-1-4-mip-2":[915,67,32,32],"itg-center-1-4-mip-3":[327,101,16,16],"itg-center-1-4-mip-4":[183,73,8,8],"itg-center-1-4-mip-5":[183,85,4,4],"itg-center-1-4-mip-6":[193,67,2,2],"itg-center-1-4-mip-7":[149,127,1,1],"itg-center-1-4-selected":[981,1,128,128],"itg-center-1-4-selected-mip-1":[1111,1,64,64],"itg-center-1-4-selected-mip-2":[1111,67,32,32],"itg-center-1-4-selected-mip-3":[361,67,16,16],"itg-center-1-4-selected-mip-4":[183,91,8,8],"itg-center-1-4-selected-mip-5":[189,85,4,4],"itg-center-1-4-selected-mip-6":[193,73,2,2],"itg-center-1-4-selected-mip-7":[162,121,1,1],"itg-down-1-8":[1177,1,128,128],"itg-down-1-8-mip-1":[1307,1,64,64],"itg-down-1-8-mip-2":[1307,67,32,32],"itg-down-1-8-mip-3":[361,85,16,16],"itg-down-1-8-mip-4":[165,121,8,8],"itg-down-1-8-mip-5":[175,121,4,4],"itg-down-1-8-mip-6":[193,77,2,2],"itg-down-1-8-mip-7":[162,124,1,1],"itg-down-1-8-selected":[1373,1,128,128],"itg-down-1-8-selected-mip-1":[1503,1,64,64],"itg-down-1-8-selected-mip-2":[1503,67,32,32],"itg-down-1-8-selected-mip-3":[361,103,16,16],"itg-down-1-8-selected-mip-4":[183,103,8,8],"itg-down-1-8-selected-mip-5":[183,113,4,4],"itg-down-1-8-selected-mip-6":[193,81,2,2],"itg-down-1-8-selected-mip-7":[162,127,1,1],"itg-solo-1-8":[1569,1,128,128],"itg-solo-1-8-mip-1":[1699,1,64,64],"itg-solo-1-8-mip-2":[1699,67,32,32],"itg-solo-1-8-mip-3":[523,101,16,16],"itg-solo-1-8-mip-4":[183,119,8,8],"itg-solo-1-8-mip-5":[189,113,4,4],"itg-solo-1-8-mip-6":[193,91,2,2],"itg-solo-1-8-mip-7":[193,95,1,1],"itg-solo-1-8-selected":[1765,1,128,128],"itg-solo-1-8-selected-mip-1":[1895,1,64,64],"itg-solo-1-8-selected-mip-2":[1895,67,32,32],"itg-solo-1-8-selected-mip-3":[557,67,16,16],"itg-solo-1-8-selected-mip-4":[327,119,8,8],"itg-solo-1-8-selected-mip-5":[337,119,4,4],"itg-solo-1-8-selected-mip-6":[193,98,2,2],"itg-solo-1-8-selected-mip-7":[175,127,1,1],"itg-center-1-8":[1,131,128,128],"itg-center-1-8-mip-1":[1961,1,64,64],"itg-center-1-8-mip-2":[1961,67,32,32],"itg-center-1-8-mip-3":[557,85,16,16],"itg-center-1-8-mip-4":[345,101,8,8],"itg-center-1-8-mip-5":[337,125,4,4],"itg-center-1-8-mip-6":[178,127,2,2],"itg-center-1-8-mip-7":[193,103,1,1],"itg-center-1-8-selected":[1,261,128,128],"itg-center-1-8-selected-mip-1":[1,391,64,64],"itg-center-1-8-selected-mip-2":[1995,67,32,32],"itg-center-1-8-selected-mip-3":[557,103,16,16],"itg-center-1-8-selected-mip-4":[345,111,8,8],"itg-center-1-8-selected-mip-5":[355,101,4,4],"itg-center-1-8-selected-mip-6":[193,106,2,2],"itg-center-1-8-selected-mip-7":[193,110,1,1],"itg-down-1-32":[1,457,128,128],"itg-down-1-32-mip-1":[1,587,64,64],"itg-down-1-32-mip-2":[67,391,32,32],"itg-down-1-32-mip-3":[719,101,16,16],"itg-down-1-32-mip-4":[345,121,8,8],"itg-down-1-32-mip-5":[355,111,4,4],"itg-down-1-32-mip-6":[193,119,2,2],"itg-down-1-32-mip-7":[193,123,1,1],"itg-down-1-32-selected":[1,653,128,128],"itg-down-1-32-selected-mip-1":[1,783,64,64],"itg-down-1-32-selected-mip-2":[67,587,32,32],"itg-down-1-32-selected-mip-3":[753,67,16,16],"itg-down-1-32-selected-mip-4":[379,67,8,8],"itg-down-1-32-selected-mip-5":[355,121,4,4],"itg-down-1-32-selected-mip-6":[193,126,2,2],"itg-down-1-32-selected-mip-7":[355,107,1,1],"itg-solo-1-32":[1,849,128,128],"itg-solo-1-32-mip-1":[1,979,64,64],"itg-solo-1-32-mip-2":[67,783,32,32],"itg-solo-1-32-mip-3":[753,85,16,16],"itg-solo-1-32-mip-4":[379,85,8,8],"itg-solo-1-32-mip-5":[379,77,4,4],"itg-solo-1-32-mip-6":[355,117,2,2],"itg-solo-1-32-mip-7":[358,107,1,1],"itg-solo-1-32-selected":[1,1045,128,128],"itg-solo-1-32-selected-mip-1":[1,1175,64,64],"itg-solo-1-32-selected-mip-2":[67,979,32,32],"itg-solo-1-32-selected-mip-3":[753,103,16,16],"itg-solo-1-32-selected-mip-4":[361,121,8,8],"itg-solo-1-32-selected-mip-5":[385,77,4,4],"itg-solo-1-32-selected-mip-6":[355,127,2,2],"itg-solo-1-32-selected-mip-7":[389,67,1,1],"itg-center-1-32":[1,1241,128,128],"itg-center-1-32-mip-1":[1,1371,64,64],"itg-center-1-32-mip-2":[67,1175,32,32],"itg-center-1-32-mip-3":[915,101,16,16],"itg-center-1-32-mip-4":[379,103,8,8],"itg-center-1-32-mip-5":[379,95,4,4],"itg-center-1-32-mip-6":[389,70,2,2],"itg-center-1-32-mip-7":[389,74,1,1],"itg-center-1-32-selected":[1,1437,128,128],"itg-center-1-32-selected-mip-1":[1,1567,64,64],"itg-center-1-32-selected-mip-2":[67,1371,32,32],"itg-center-1-32-selected-mip-3":[949,67,16,16],"itg-center-1-32-selected-mip-4":[379,113,8,8],"itg-center-1-32-selected-mip-5":[385,95,4,4],"itg-center-1-32-selected-mip-6":[389,85,2,2],"itg-center-1-32-selected-mip-7":[389,89,1,1],"itg-down-receptor":[1,1633,128,128],"itg-down-receptor-mip-1":[1,1763,64,64],"itg-down-receptor-mip-2":[67,1567,32,32],"itg-down-receptor-mip-3":[949,85,16,16],"itg-down-receptor-mip-4":[523,119,8,8],"itg-down-receptor-mip-5":[371,121,4,4],"itg-down-receptor-mip-6":[371,127,2,2],"itg-down-receptor-mip-7":[389,92,1,1],"itg-solo-receptor":[1,1829,128,128],"itg-solo-receptor-mip-1":[1,1959,64,64],"itg-solo-receptor-mip-2":[67,1763,32,32],"itg-solo-receptor-mip-3":[949,103,16,16],"itg-solo-receptor-mip-4":[541,101,8,8],"itg-solo-receptor-mip-5":[379,123,4,4],"itg-solo-receptor-mip-6":[375,127,2,2],"itg-solo-receptor-mip-7":[389,103,1,1],"itg-center-receptor":[131,131,128,128],"itg-center-receptor-mip-1":[261,131,64,64],"itg-center-receptor-mip-2":[67,1959,32,32],"itg-center-receptor-mip-3":[1111,101,16,16],"itg-center-receptor-mip-4":[541,111,8,8],"itg-center-receptor-mip-5":[385,123,4,4],"itg-center-receptor-mip-6":[389,106,2,2],"itg-center-receptor-mip-7":[389,110,1,1],"itg-down-1-16":[327,131,128,128],"itg-down-1-16-mip-1":[457,131,64,64],"itg-down-1-16-mip-2":[67,1993,32,32],"itg-down-1-16-mip-3":[1145,67,16,16],"itg-down-1-16-mip-4":[541,121,8,8],"itg-down-1-16-mip-5":[533,119,4,4],"itg-down-1-16-mip-6":[389,113,2,2],"itg-down-1-16-mip-7":[389,117,1,1],"itg-down-1-16-selected":[523,131,128,128],"itg-down-1-16-selected-mip-1":[653,131,64,64],"itg-down-1-16-selected-mip-2":[261,197,32,32],"itg-down-1-16-selected-mip-3":[1145,85,16,16],"itg-down-1-16-selected-mip-4":[575,67,8,8],"itg-down-1-16-selected-mip-5":[533,125,4,4],"itg-down-1-16-selected-mip-6":[551,101,2,2],"itg-down-1-16-selected-mip-7":[389,120,1,1],"itg-solo-1-16":[719,131,128,128],"itg-solo-1-16-mip-1":[849,131,64,64],"itg-solo-1-16-mip-2":[457,197,32,32],"itg-solo-1-16-mip-3":[1145,103,16,16],"itg-solo-1-16-mip-4":[575,85,8,8],"itg-solo-1-16-mip-5":[551,105,4,4],"itg-solo-1-16-mip-6":[551,111,2,2],"itg-solo-1-16-mip-7":[551,115,1,1],"itg-solo-1-16-selected":[915,131,128,128],"itg-solo-1-16-selected-mip-1":[1045,131,64,64],"itg-solo-1-16-selected-mip-2":[653,197,32,32],"itg-solo-1-16-selected-mip-3":[1307,101,16,16],"itg-solo-1-16-selected-mip-4":[557,121,8,8],"itg-solo-1-16-selected-mip-5":[551,121,4,4],"itg-solo-1-16-selected-mip-6":[551,127,2,2],"itg-solo-1-16-selected-mip-7":[554,115,1,1],"itg-center-1-16":[1111,131,128,128],"itg-center-1-16-mip-1":[1241,131,64,64],"itg-center-1-16-mip-2":[849,197,32,32],"itg-center-1-16-mip-3":[1341,67,16,16],"itg-center-1-16-mip-4":[575,103,8,8],"itg-center-1-16-mip-5":[575,77,4,4],"itg-center-1-16-mip-6":[585,67,2,2],"itg-center-1-16-mip-7":[551,118,1,1],"itg-center-1-16-selected":[1307,131,128,128],"itg-center-1-16-selected-mip-1":[1437,131,64,64],"itg-center-1-16-selected-mip-2":[1045,197,32,32],"itg-center-1-16-selected-mip-3":[1341,85,16,16],"itg-center-1-16-selected-mip-4":[575,113,8,8],"itg-center-1-16-selected-mip-5":[581,77,4,4],"itg-center-1-16-selected-mip-6":[585,71,2,2],"itg-center-1-16-selected-mip-7":[554,118,1,1],"itg-down-1-48":[1503,131,128,128],"itg-down-1-48-mip-1":[1633,131,64,64],"itg-down-1-48-mip-2":[1241,197,32,32],"itg-down-1-48-mip-3":[1341,103,16,16],"itg-down-1-48-mip-4":[719,119,8,8],"itg-down-1-48-mip-5":[575,95,4,4],"itg-down-1-48-mip-6":[585,85,2,2],"itg-down-1-48-mip-7":[585,89,1,1],"itg-down-1-48-selected":[1699,131,128,128],"itg-down-1-48-selected-mip-1":[1829,131,64,64],"itg-down-1-48-selected-mip-2":[1437,197,32,32],"itg-down-1-48-selected-mip-3":[1503,101,16,16],"itg-down-1-48-selected-mip-4":[737,101,8,8],"itg-down-1-48-selected-mip-5":[581,95,4,4],"itg-down-1-48-selected-mip-6":[567,121,2,2],"itg-down-1-48-selected-mip-7":[585,92,1,1],"itg-solo-1-48":[1895,131,128,128],"itg-solo-1-48-mip-1":[131,261,64,64],"itg-solo-1-48-mip-2":[1633,197,32,32],"itg-solo-1-48-mip-3":[1537,67,16,16],"itg-solo-1-48-mip-4":[737,111,8,8],"itg-solo-1-48-mip-5":[567,125,4,4],"itg-solo-1-48-mip-6":[571,121,2,2],"itg-solo-1-48-mip-7":[585,103,1,1],"itg-solo-1-48-selected":[197,261,128,128],"itg-solo-1-48-selected-mip-1":[131,327,64,64],"itg-solo-1-48-selected-mip-2":[1829,197,32,32],"itg-solo-1-48-selected-mip-3":[1537,85,16,16],"itg-solo-1-48-selected-mip-4":[737,121,8,8],"itg-solo-1-48-selected-mip-5":[575,123,4,4],"itg-solo-1-48-selected-mip-6":[585,106,2,2],"itg-solo-1-48-selected-mip-7":[585,110,1,1],"itg-center-1-48":[197,391,128,128],"itg-center-1-48-mip-1":[131,393,64,64],"itg-center-1-48-mip-2":[131,459,32,32],"itg-center-1-48-mip-3":[1537,103,16,16],"itg-center-1-48-mip-4":[771,67,8,8],"itg-center-1-48-mip-5":[581,123,4,4],"itg-center-1-48-mip-6":[585,113,2,2],"itg-center-1-48-mip-7":[585,117,1,1],"itg-center-1-48-selected":[197,521,128,128],"itg-center-1-48-selected-mip-1":[131,493,64,64],"itg-center-1-48-selected-mip-2":[131,559,32,32],"itg-center-1-48-selected-mip-3":[1699,101,16,16],"itg-center-1-48-selected-mip-4":[771,85,8,8],"itg-center-1-48-selected-mip-5":[729,119,4,4],"itg-center-1-48-selected-mip-6":[729,125,2,2],"itg-center-1-48-selected-mip-7":[585,120,1,1],"itg-down-receptor-held":[197,651,128,128],"itg-down-receptor-held-mip-1":[131,593,64,64],"itg-down-receptor-held-mip-2":[131,659,32,32],"itg-down-receptor-held-mip-3":[1733,67,16,16],"itg-down-receptor-held-mip-4":[753,121,8,8],"itg-down-receptor-held-mip-5":[747,101,4,4],"itg-down-receptor-held-mip-6":[733,125,2,2],"itg-down-receptor-held-mip-7":[747,107,1,1],"itg-solo-receptor-held":[197,781,128,128],"itg-solo-receptor-held-mip-1":[131,693,64,64],"itg-solo-receptor-held-mip-2":[131,759,32,32],"itg-solo-receptor-held-mip-3":[1733,85,16,16],"itg-solo-receptor-held-mip-4":[771,103,8,8],"itg-solo-receptor-held-mip-5":[747,111,4,4],"itg-solo-receptor-held-mip-6":[747,117,2,2],"itg-solo-receptor-held-mip-7":[750,107,1,1],"itg-center-receptor-held":[197,911,128,128],"itg-center-receptor-held-mip-1":[131,793,64,64],"itg-center-receptor-held-mip-2":[131,859,32,32],"itg-center-receptor-held-mip-3":[1733,103,16,16],"itg-center-receptor-held-mip-4":[771,113,8,8],"itg-center-receptor-held-mip-5":[747,121,4,4],"itg-center-receptor-held-mip-6":[747,127,2,2],"itg-center-receptor-held-mip-7":[781,67,1,1],"itg-down-1-12":[197,1041,128,128],"itg-down-1-12-mip-1":[131,893,64,64],"itg-down-1-12-mip-2":[131,959,32,32],"itg-down-1-12-mip-3":[1895,101,16,16],"itg-down-1-12-mip-4":[915,119,8,8],"itg-down-1-12-mip-5":[771,77,4,4],"itg-down-1-12-mip-6":[781,70,2,2],"itg-down-1-12-mip-7":[781,74,1,1],"itg-down-1-12-selected":[197,1171,128,128],"itg-down-1-12-selected-mip-1":[131,993,64,64],"itg-down-1-12-selected-mip-2":[131,1059,32,32],"itg-down-1-12-selected-mip-3":[1929,67,16,16],"itg-down-1-12-selected-mip-4":[933,101,8,8],"itg-down-1-12-selected-mip-5":[777,77,4,4],"itg-down-1-12-selected-mip-6":[781,85,2,2],"itg-down-1-12-selected-mip-7":[781,89,1,1],"itg-solo-1-12":[197,1301,128,128],"itg-solo-1-12-mip-1":[131,1093,64,64],"itg-solo-1-12-mip-2":[131,1159,32,32],"itg-solo-1-12-mip-3":[1929,85,16,16],"itg-solo-1-12-mip-4":[933,111,8,8],"itg-solo-1-12-mip-5":[771,95,4,4],"itg-solo-1-12-mip-6":[777,95,2,2],"itg-solo-1-12-mip-7":[781,92,1,1],"itg-solo-1-12-selected":[197,1431,128,128],"itg-solo-1-12-selected-mip-1":[131,1193,64,64],"itg-solo-1-12-selected-mip-2":[131,1259,32,32],"itg-solo-1-12-selected-mip-3":[1929,103,16,16],"itg-solo-1-12-selected-mip-4":[933,121,8,8],"itg-solo-1-12-selected-mip-5":[763,121,4,4],"itg-solo-1-12-selected-mip-6":[781,95,2,2],"itg-solo-1-12-selected-mip-7":[777,99,1,1],"itg-center-1-12":[197,1561,128,128],"itg-center-1-12-mip-1":[131,1293,64,64],"itg-center-1-12-mip-2":[131,1359,32,32],"itg-center-1-12-mip-3":[2027,1,16,16],"itg-center-1-12-mip-4":[967,67,8,8],"itg-center-1-12-mip-5":[771,123,4,4],"itg-center-1-12-mip-6":[780,99,2,2],"itg-center-1-12-mip-7":[763,127,1,1],"itg-center-1-12-selected":[197,1691,128,128],"itg-center-1-12-selected-mip-1":[131,1393,64,64],"itg-center-1-12-selected-mip-2":[131,1459,32,32],"itg-center-1-12-selected-mip-3":[2027,19,16,16],"itg-center-1-12-selected-mip-4":[967,85,8,8],"itg-center-1-12-selected-mip-5":[777,123,4,4],"itg-center-1-12-selected-mip-6":[766,127,2,2],"itg-center-1-12-selected-mip-7":[781,103,1,1],"itg-down-1-64":[197,1821,128,128],"itg-down-1-64-mip-1":[131,1493,64,64],"itg-down-1-64-mip-2":[131,1559,32,32],"itg-down-1-64-mip-3":[2027,37,16,16],"itg-down-1-64-mip-4":[949,121,8,8],"itg-down-1-64-mip-5":[925,119,4,4],"itg-down-1-64-mip-6":[781,106,2,2],"itg-down-1-64-mip-7":[781,110,1,1],"itg-down-1-64-selected":[327,261,128,128],"itg-down-1-64-selected-mip-1":[131,1593,64,64],"itg-down-1-64-selected-mip-2":[131,1659,32,32],"itg-down-1-64-selected-mip-3":[1961,101,16,16],"itg-down-1-64-selected-mip-4":[967,103,8,8],"itg-down-1-64-selected-mip-5":[925,125,4,4],"itg-down-1-64-selected-mip-6":[781,113,2,2],"itg-down-1-64-selected-mip-7":[781,117,1,1],"itg-solo-1-64":[457,261,128,128],"itg-solo-1-64-mip-1":[131,1693,64,64],"itg-solo-1-64-mip-2":[131,1759,32,32],"itg-solo-1-64-mip-3":[2029,67,16,16],"itg-solo-1-64-mip-4":[967,113,8,8],"itg-solo-1-64-mip-5":[943,101,4,4],"itg-solo-1-64-mip-6":[943,107,2,2],"itg-solo-1-64-mip-7":[781,120,1,1],"itg-solo-1-64-selected":[587,261,128,128],"itg-solo-1-64-selected-mip-1":[131,1793,64,64],"itg-solo-1-64-selected-mip-2":[131,1859,32,32],"itg-solo-1-64-selected-mip-3":[1995,101,16,16],"itg-solo-1-64-selected-mip-4":[1111,119,8,8],"itg-solo-1-64-selected-mip-5":[943,111,4,4],"itg-solo-1-64-selected-mip-6":[943,117,2,2],"itg-solo-1-64-selected-mip-7":[943,121,1,1],"itg-center-1-64":[717,261,128,128],"itg-center-1-64-mip-1":[131,1893,64,64],"itg-center-1-64-mip-2":[131,1959,32,32],"itg-center-1-64-mip-3":[2013,101,16,16],"itg-center-1-64-mip-4":[1129,101,8,8],"itg-center-1-64-mip-5":[943,124,4,4],"itg-center-1-64-mip-6":[977,67,2,2],"itg-center-1-64-mip-7":[946,121,1,1],"itg-center-1-64-selected":[847,261,128,128],"itg-center-1-64-selected-mip-1":[197,1951,64,64],"itg-center-1-64-selected-mip-2":[131,1993,32,32],"itg-center-1-64-selected-mip-3":[2031,101,16,16],"itg-center-1-64-selected-mip-4":[1129,111,8,8],"itg-center-1-64-selected-mip-5":[967,77,4,4],"itg-center-1-64-selected-mip-6":[977,71,2,2],"itg-center-1-64-selected-mip-7":[973,77,1,1],"itg-down-receptor-glow":[977,261,128,128],"itg-down-receptor-glow-mip-1":[1107,261,64,64],"itg-down-receptor-glow-mip-2":[263,1951,32,32],"itg-down-receptor-glow-mip-3":[101,391,16,16],"itg-down-receptor-glow-mip-4":[1129,121,8,8],"itg-down-receptor-glow-mip-5":[967,95,4,4],"itg-down-receptor-glow-mip-6":[973,80,2,2],"itg-down-receptor-glow-mip-7":[976,77,1,1],"itg-solo-receptor-glow":[1173,261,128,128],"itg-solo-receptor-glow-mip-1":[1303,261,64,64],"itg-solo-receptor-glow-mip-2":[263,1985,32,32],"itg-solo-receptor-glow-mip-3":[67,425,16,16],"itg-solo-receptor-glow-mip-4":[1163,67,8,8],"itg-solo-receptor-glow-mip-5":[973,95,4,4],"itg-solo-receptor-glow-mip-6":[977,80,2,2],"itg-solo-receptor-glow-mip-7":[977,85,1,1],"itg-center-receptor-glow":[1369,261,128,128],"itg-center-receptor-glow-mip-1":[1499,261,64,64],"itg-center-receptor-glow-mip-2":[1107,327,32,32],"itg-center-receptor-glow-mip-3":[85,425,16,16],"itg-center-receptor-glow-mip-4":[1163,85,8,8],"itg-center-receptor-glow-mip-5":[959,121,4,4],"itg-center-receptor-glow-mip-6":[977,88,2,2],"itg-center-receptor-glow-mip-7":[977,92,1,1],"itg-down-1-24":[1565,261,128,128],"itg-down-1-24-mip-1":[1695,261,64,64],"itg-down-1-24-mip-2":[1303,327,32,32],"itg-down-1-24-mip-3":[103,425,16,16],"itg-down-1-24-mip-4":[1145,121,8,8],"itg-down-1-24-mip-5":[967,123,4,4],"itg-down-1-24-mip-6":[959,127,2,2],"itg-down-1-24-mip-7":[963,127,1,1],"itg-down-1-24-selected":[1761,261,128,128],"itg-down-1-24-selected-mip-1":[1891,261,64,64],"itg-down-1-24-selected-mip-2":[1499,327,32,32],"itg-down-1-24-selected-mip-3":[101,587,16,16],"itg-down-1-24-selected-mip-4":[1163,103,8,8],"itg-down-1-24-selected-mip-5":[973,123,4,4],"itg-down-1-24-selected-mip-6":[977,103,2,2],"itg-down-1-24-selected-mip-7":[977,107,1,1],"itg-solo-1-24":[327,391,128,128],"itg-solo-1-24-mip-1":[1957,261,64,64],"itg-solo-1-24-mip-2":[1695,327,32,32],"itg-solo-1-24-mip-3":[67,621,16,16],"itg-solo-1-24-mip-4":[1163,113,8,8],"itg-solo-1-24-mip-5":[1121,119,4,4],"itg-solo-1-24-mip-6":[977,113,2,2],"itg-solo-1-24-mip-7":[977,110,1,1],"itg-solo-1-24-selected":[327,521,128,128],"itg-solo-1-24-selected-mip-1":[327,651,64,64],"itg-solo-1-24-selected-mip-2":[1891,327,32,32],"itg-solo-1-24-selected-mip-3":[85,621,16,16],"itg-solo-1-24-selected-mip-4":[1307,119,8,8],"itg-solo-1-24-selected-mip-5":[1121,125,4,4],"itg-solo-1-24-selected-mip-6":[977,117,2,2],"itg-solo-1-24-selected-mip-7":[1139,101,1,1],"itg-center-1-24":[327,717,128,128],"itg-center-1-24-mip-1":[327,847,64,64],"itg-center-1-24-mip-2":[1957,327,32,32],"itg-center-1-24-mip-3":[103,621,16,16],"itg-center-1-24-mip-4":[1325,101,8,8],"itg-center-1-24-mip-5":[1139,104,4,4],"itg-center-1-24-mip-6":[1139,111,2,2],"itg-center-1-24-mip-7":[1142,101,1,1],"itg-center-1-24-selected":[327,913,128,128],"itg-center-1-24-selected-mip-1":[327,1043,64,64],"itg-center-1-24-selected-mip-2":[1991,327,32,32],"itg-center-1-24-selected-mip-3":[101,783,16,16],"itg-center-1-24-selected-mip-4":[1325,111,8,8],"itg-center-1-24-selected-mip-5":[1139,115,4,4],"itg-center-1-24-selected-mip-6":[1139,121,2,2],"itg-center-1-24-selected-mip-7":[1139,125,1,1],"piu-diagonal-red":[327,1109,128,128],"piu-diagonal-red-mip-1":[327,1239,64,64],"piu-diagonal-red-mip-2":[393,651,32,32],"piu-diagonal-red-mip-3":[67,817,16,16],"piu-diagonal-red-mip-4":[1325,121,8,8],"piu-diagonal-red-mip-5":[1163,77,4,4],"piu-diagonal-red-mip-6":[1173,67,2,2],"piu-diagonal-red-mip-7":[1142,125,1,1],"piu-diagonal-red-selected":[327,1305,128,128],"piu-diagonal-red-selected-mip-1":[327,1435,64,64],"piu-diagonal-red-selected-mip-2":[393,847,32,32],"piu-diagonal-red-selected-mip-3":[85,817,16,16],"piu-diagonal-red-selected-mip-4":[1359,67,8,8],"piu-diagonal-red-selected-mip-5":[1169,77,4,4],"piu-diagonal-red-selected-mip-6":[1173,71,2,2],"piu-diagonal-red-selected-mip-7":[1139,128,1,1],"piu-center":[327,1501,128,128],"piu-center-mip-1":[327,1631,64,64],"piu-center-mip-2":[393,1043,32,32],"piu-center-mip-3":[103,817,16,16],"piu-center-mip-4":[1359,85,8,8],"piu-center-mip-5":[1163,95,4,4],"piu-center-mip-6":[1173,85,2,2],"piu-center-mip-7":[1142,128,1,1],"piu-center-selected":[327,1697,128,128],"piu-center-selected-mip-1":[327,1827,64,64],"piu-center-selected-mip-2":[393,1239,32,32],"piu-center-selected-mip-3":[101,979,16,16],"piu-center-selected-mip-4":[1341,121,8,8],"piu-center-selected-mip-5":[1169,95,4,4],"piu-center-selected-mip-6":[1173,89,2,2],"piu-center-selected-mip-7":[1155,121,1,1],"piu-diagonal-blue":[327,1893,128,128],"piu-diagonal-blue-mip-1":[457,391,64,64],"piu-diagonal-blue-mip-2":[393,1435,32,32],"piu-diagonal-blue-mip-3":[67,1013,16,16],"piu-diagonal-blue-mip-4":[1359,103,8,8],"piu-diagonal-blue-mip-5":[1155,124,4,4],"piu-diagonal-blue-mip-6":[1173,103,2,2],"piu-diagonal-blue-mip-7":[1158,121,1,1],"piu-diagonal-blue-selected":[457,457,128,128],"piu-diagonal-blue-selected-mip-1":[523,391,64,64],"piu-diagonal-blue-selected-mip-2":[393,1631,32,32],"piu-diagonal-blue-selected-mip-3":[85,1013,16,16],"piu-diagonal-blue-selected-mip-4":[1359,113,8,8],"piu-diagonal-blue-selected-mip-5":[1163,123,4,4],"piu-diagonal-blue-selected-mip-6":[1173,107,2,2],"piu-diagonal-blue-selected-mip-7":[1173,113,1,1],"itg-hold-body-inactive":[587,457,128,128],"itg-hold-body-inactive-mip-1":[589,391,64,64],"itg-hold-body-inactive-mip-2":[393,1827,32,32],"itg-hold-body-inactive-mip-3":[103,1013,16,16],"itg-hold-body-inactive-mip-4":[1503,119,8,8],"itg-hold-body-inactive-mip-5":[1169,123,4,4],"itg-hold-body-inactive-mip-6":[1173,116,2,2],"itg-hold-body-inactive-mip-7":[1173,120,1,1],"itg-hold-body-inactive-selected":[717,457,128,128],"itg-hold-body-inactive-selected-mip-1":[655,391,64,64],"itg-hold-body-inactive-selected-mip-2":[721,391,32,32],"itg-hold-body-inactive-selected-mip-3":[101,1175,16,16],"itg-hold-body-inactive-selected-mip-4":[1521,101,8,8],"itg-hold-body-inactive-selected-mip-5":[1317,119,4,4],"itg-hold-body-inactive-selected-mip-6":[1317,125,2,2],"itg-hold-body-inactive-selected-mip-7":[1321,125,1,1],"itg-hold-center-body-inactive":[847,457,128,128],"itg-hold-center-body-inactive-mip-1":[755,391,64,64],"itg-hold-center-body-inactive-mip-2":[821,391,32,32],"itg-hold-center-body-inactive-mip-3":[67,1209,16,16],"itg-hold-center-body-inactive-mip-4":[1521,111,8,8],"itg-hold-center-body-inactive-mip-5":[1335,101,4,4],"itg-hold-center-body-inactive-mip-6":[1335,107,2,2],"itg-hold-center-body-inactive-mip-7":[1321,128,1,1],"itg-hold-center-body-inactive-selected":[977,457,128,128],"itg-hold-center-body-inactive-selected-mip-1":[855,391,64,64],"itg-hold-center-body-inactive-selected-mip-2":[921,391,32,32],"itg-hold-center-body-inactive-selected-mip-3":[85,1209,16,16],"itg-hold-center-body-inactive-selected-mip-4":[1521,121,8,8],"itg-hold-center-body-inactive-selected-mip-5":[1335,111,4,4],"itg-hold-center-body-inactive-selected-mip-6":[1335,117,2,2],"itg-hold-center-body-inactive-selected-mip-7":[1335,121,1,1],"itg-hold-solo-body-inactive":[1107,457,128,128],"itg-hold-solo-body-inactive-mip-1":[955,391,64,64],"itg-hold-solo-body-inactive-mip-2":[1021,391,32,32],"itg-hold-solo-body-inactive-mip-3":[103,1209,16,16],"itg-hold-solo-body-inactive-mip-4":[1555,67,8,8],"itg-hold-solo-body-inactive-mip-5":[1335,124,4,4],"itg-hold-solo-body-inactive-mip-6":[1369,67,2,2],"itg-hold-solo-body-inactive-mip-7":[1338,121,1,1],"itg-hold-solo-body-inactive-selected":[1237,457,128,128],"itg-hold-solo-body-inactive-selected-mip-1":[1055,391,64,64],"itg-hold-solo-body-inactive-selected-mip-2":[1121,391,32,32],"itg-hold-solo-body-inactive-selected-mip-3":[101,1371,16,16],"itg-hold-solo-body-inactive-selected-mip-4":[1555,85,8,8],"itg-hold-solo-body-inactive-selected-mip-5":[1359,77,4,4],"itg-hold-solo-body-inactive-selected-mip-6":[1369,71,2,2],"itg-hold-solo-body-inactive-selected-mip-7":[1365,77,1,1],"piu-diagonal-receptor":[1367,457,128,128],"piu-diagonal-receptor-mip-1":[1155,391,64,64],"piu-diagonal-receptor-mip-2":[1221,391,32,32],"piu-diagonal-receptor-mip-3":[67,1405,16,16],"piu-diagonal-receptor-mip-4":[1537,121,8,8],"piu-diagonal-receptor-mip-5":[1359,95,4,4],"piu-diagonal-receptor-mip-6":[1365,80,2,2],"piu-diagonal-receptor-mip-7":[1368,77,1,1],"piu-center-receptor":[1497,457,128,128],"piu-center-receptor-mip-1":[1255,391,64,64],"piu-center-receptor-mip-2":[1321,391,32,32],"piu-center-receptor-mip-3":[85,1405,16,16],"piu-center-receptor-mip-4":[1555,103,8,8],"piu-center-receptor-mip-5":[1365,95,4,4],"piu-center-receptor-mip-6":[1369,80,2,2],"piu-center-receptor-mip-7":[1369,85,1,1],"piu-hold-blue":[1627,457,128,128],"piu-hold-blue-mip-1":[1355,391,64,64],"piu-hold-blue-mip-2":[1421,391,32,32],"piu-hold-blue-mip-3":[103,1405,16,16],"piu-hold-blue-mip-4":[1555,113,8,8],"piu-hold-blue-mip-5":[1351,121,4,4],"piu-hold-blue-mip-6":[1369,88,2,2],"piu-hold-blue-mip-7":[1369,92,1,1],"piu-hold-blue-selected":[1757,457,128,128],"piu-hold-blue-selected-mip-1":[1455,391,64,64],"piu-hold-blue-selected-mip-2":[1521,391,32,32],"piu-hold-blue-selected-mip-3":[101,1567,16,16],"piu-hold-blue-selected-mip-4":[1699,119,8,8],"piu-hold-blue-selected-mip-5":[1359,123,4,4],"piu-hold-blue-selected-mip-6":[1351,127,2,2],"piu-hold-blue-selected-mip-7":[1355,127,1,1],"itg-roll-body-inactive":[1887,457,128,128],"itg-roll-body-inactive-mip-1":[1555,391,64,64],"itg-roll-body-inactive-mip-2":[1621,391,32,32],"itg-roll-body-inactive-mip-3":[67,1601,16,16],"itg-roll-body-inactive-mip-4":[1717,101,8,8],"itg-roll-body-inactive-mip-5":[1365,123,4,4],"itg-roll-body-inactive-mip-6":[1369,103,2,2],"itg-roll-body-inactive-mip-7":[1369,107,1,1],"itg-roll-body-inactive-selected":[457,587,128,128],"itg-roll-body-inactive-selected-mip-1":[1655,391,64,64],"itg-roll-body-inactive-selected-mip-2":[1721,391,32,32],"itg-roll-body-inactive-selected-mip-3":[85,1601,16,16],"itg-roll-body-inactive-selected-mip-4":[1717,111,8,8],"itg-roll-body-inactive-selected-mip-5":[1513,119,4,4],"itg-roll-body-inactive-selected-mip-6":[1369,113,2,2],"itg-roll-body-inactive-selected-mip-7":[1369,110,1,1],"itg-roll-center-body-inactive":[457,717,128,128],"itg-roll-center-body-inactive-mip-1":[1755,391,64,64],"itg-roll-center-body-inactive-mip-2":[1821,391,32,32],"itg-roll-center-body-inactive-mip-3":[103,1601,16,16],"itg-roll-center-body-inactive-mip-4":[1717,121,8,8],"itg-roll-center-body-inactive-mip-5":[1513,125,4,4],"itg-roll-center-body-inactive-mip-6":[1369,117,2,2],"itg-roll-center-body-inactive-mip-7":[1531,101,1,1],"itg-roll-center-body-inactive-selected":[457,847,128,128],"itg-roll-center-body-inactive-selected-mip-1":[1855,391,64,64],"itg-roll-center-body-inactive-selected-mip-2":[1921,391,32,32],"itg-roll-center-body-inactive-selected-mip-3":[101,1763,16,16],"itg-roll-center-body-inactive-selected-mip-4":[1751,67,8,8],"itg-roll-center-body-inactive-selected-mip-5":[1531,104,4,4],"itg-roll-center-body-inactive-selected-mip-6":[1531,111,2,2],"itg-roll-center-body-inactive-selected-mip-7":[1534,101,1,1],"itg-roll-solo-body-inactive":[457,977,128,128],"itg-roll-solo-body-inactive-mip-1":[1955,391,64,64],"itg-roll-solo-body-inactive-mip-2":[457,1107,32,32],"itg-roll-solo-body-inactive-mip-3":[67,1797,16,16],"itg-roll-solo-body-inactive-mip-4":[1751,85,8,8],"itg-roll-solo-body-inactive-mip-5":[1531,115,4,4],"itg-roll-solo-body-inactive-mip-6":[1531,121,2,2],"itg-roll-solo-body-inactive-mip-7":[1531,125,1,1],"itg-roll-solo-body-inactive-selected":[457,1141,128,128],"itg-roll-solo-body-inactive-selected-mip-1":[457,1271,64,64],"itg-roll-solo-body-inactive-selected-mip-2":[491,1107,32,32],"itg-roll-solo-body-inactive-selected-mip-3":[85,1797,16,16],"itg-roll-solo-body-inactive-selected-mip-4":[1733,121,8,8],"itg-roll-solo-body-inactive-selected-mip-5":[1555,77,4,4],"itg-roll-solo-body-inactive-selected-mip-6":[1565,67,2,2],"itg-roll-solo-body-inactive-selected-mip-7":[1534,125,1,1],"piu-diagonal-receptor-held":[457,1337,128,128],"piu-diagonal-receptor-held-mip-1":[457,1467,64,64],"piu-diagonal-receptor-held-mip-2":[525,1107,32,32],"piu-diagonal-receptor-held-mip-3":[103,1797,16,16],"piu-diagonal-receptor-held-mip-4":[1751,103,8,8],"piu-diagonal-receptor-held-mip-5":[1561,77,4,4],"piu-diagonal-receptor-held-mip-6":[1565,71,2,2],"piu-diagonal-receptor-held-mip-7":[1531,128,1,1],"piu-center-receptor-held":[457,1533,128,128],"piu-center-receptor-held-mip-1":[457,1663,64,64],"piu-center-receptor-held-mip-2":[523,1271,32,32],"piu-center-receptor-held-mip-3":[1,2025,16,16],"piu-center-receptor-held-mip-4":[1751,113,8,8],"piu-center-receptor-held-mip-5":[1555,95,4,4],"piu-center-receptor-held-mip-6":[1565,85,2,2],"piu-center-receptor-held-mip-7":[1534,128,1,1],"piu-roll-blue":[457,1729,128,128],"piu-roll-blue-mip-1":[457,1859,64,64],"piu-roll-blue-mip-2":[523,1467,32,32],"piu-roll-blue-mip-3":[19,2025,16,16],"piu-roll-blue-mip-4":[1895,119,8,8],"piu-roll-blue-mip-5":[1561,95,4,4],"piu-roll-blue-mip-6":[1565,89,2,2],"piu-roll-blue-mip-7":[1547,121,1,1],"piu-roll-blue-selected":[587,587,128,128],"piu-roll-blue-selected-mip-1":[457,1925,64,64],"piu-roll-blue-selected-mip-2":[523,1663,32,32],"piu-roll-blue-selected-mip-3":[37,2025,16,16],"piu-roll-blue-selected-mip-4":[1913,101,8,8],"piu-roll-blue-selected-mip-5":[1547,124,4,4],"piu-roll-blue-selected-mip-6":[1565,103,2,2],"piu-roll-blue-selected-mip-7":[1550,121,1,1],"itg-hold-body-active":[717,587,128,128],"itg-hold-body-active-mip-1":[847,587,64,64],"itg-hold-body-active-mip-2":[523,1859,32,32],"itg-hold-body-active-mip-3":[101,1959,16,16],"itg-hold-body-active-mip-4":[1913,111,8,8],"itg-hold-body-active-mip-5":[1555,123,4,4],"itg-hold-body-active-mip-6":[1565,107,2,2],"itg-hold-body-active-mip-7":[1565,113,1,1],"itg-hold-body-active-selected":[913,587,128,128],"itg-hold-body-active-selected-mip-1":[1043,587,64,64],"itg-hold-body-active-selected-mip-2":[457,1991,32,32],"itg-hold-body-active-selected-mip-3":[67,2027,16,16],"itg-hold-body-active-selected-mip-4":[1913,121,8,8],"itg-hold-body-active-selected-mip-5":[1561,123,4,4],"itg-hold-body-active-selected-mip-6":[1565,116,2,2],"itg-hold-body-active-selected-mip-7":[1565,120,1,1],"itg-hold-center-body-active":[1109,587,128,128],"itg-hold-center-body-active-mip-1":[1239,587,64,64],"itg-hold-center-body-active-mip-2":[523,1925,32,32],"itg-hold-center-body-active-mip-3":[101,1993,16,16],"itg-hold-center-body-active-mip-4":[1947,67,8,8],"itg-hold-center-body-active-mip-5":[1709,119,4,4],"itg-hold-center-body-active-mip-6":[1709,125,2,2],"itg-hold-center-body-active-mip-7":[1713,125,1,1],"itg-hold-center-body-active-selected":[1305,587,128,128],"itg-hold-center-body-active-selected-mip-1":[1435,587,64,64],"itg-hold-center-body-active-selected-mip-2":[523,1959,32,32],"itg-hold-center-body-active-selected-mip-3":[101,2011,16,16],"itg-hold-center-body-active-selected-mip-4":[1947,85,8,8],"itg-hold-center-body-active-selected-mip-5":[1727,101,4,4],"itg-hold-center-body-active-selected-mip-6":[1727,107,2,2],"itg-hold-center-body-active-selected-mip-7":[1713,128,1,1],"itg-hold-solo-body-active":[1501,587,128,128],"itg-hold-solo-body-active-mip-1":[1631,587,64,64],"itg-hold-solo-body-active-mip-2":[523,1993,32,32],"itg-hold-solo-body-active-mip-3":[101,2029,16,16],"itg-hold-solo-body-active-mip-4":[1929,121,8,8],"itg-hold-solo-body-active-mip-5":[1727,111,4,4],"itg-hold-solo-body-active-mip-6":[1727,117,2,2],"itg-hold-solo-body-active-mip-7":[1727,121,1,1],"itg-hold-solo-body-active-selected":[1697,587,128,128],"itg-hold-solo-body-active-selected-mip-1":[1827,587,64,64],"itg-hold-solo-body-active-selected-mip-2":[847,653,32,32],"itg-hold-solo-body-active-selected-mip-3":[261,231,16,16],"itg-hold-solo-body-active-selected-mip-4":[1947,103,8,8],"itg-hold-solo-body-active-selected-mip-5":[1727,124,4,4],"itg-hold-solo-body-active-selected-mip-6":[1761,67,2,2],"itg-hold-solo-body-active-selected-mip-7":[1730,121,1,1],"piu-diagonal-receptor-glow":[1893,587,128,128],"piu-diagonal-receptor-glow-mip-1":[587,717,64,64],"piu-diagonal-receptor-glow-mip-2":[1043,653,32,32],"piu-diagonal-receptor-glow-mip-3":[295,197,16,16],"piu-diagonal-receptor-glow-mip-4":[1947,113,8,8],"piu-diagonal-receptor-glow-mip-5":[1751,77,4,4],"piu-diagonal-receptor-glow-mip-6":[1761,71,2,2],"piu-diagonal-receptor-glow-mip-7":[1757,77,1,1],"piu-center-receptor-glow":[653,717,128,128],"piu-center-receptor-glow-mip-1":[587,783,64,64],"piu-center-receptor-glow-mip-2":[1239,653,32,32],"piu-center-receptor-glow-mip-3":[295,215,16,16],"piu-center-receptor-glow-mip-4":[2027,55,8,8],"piu-center-receptor-glow-mip-5":[1751,95,4,4],"piu-center-receptor-glow-mip-6":[1757,80,2,2],"piu-center-receptor-glow-mip-7":[1760,77,1,1],"piu-hold-red":[653,847,128,128],"piu-hold-red-mip-1":[587,849,64,64],"piu-hold-red-mip-2":[1435,653,32,32],"piu-hold-red-mip-3":[295,233,16,16],"piu-hold-red-mip-4":[2037,55,8,8],"piu-hold-red-mip-5":[1757,95,4,4],"piu-hold-red-mip-6":[1761,80,2,2],"piu-hold-red-mip-7":[1761,85,1,1],"piu-hold-red-selected":[653,977,128,128],"piu-hold-red-selected-mip-1":[587,915,64,64],"piu-hold-red-selected-mip-2":[1631,653,32,32],"piu-hold-red-selected-mip-3":[457,231,16,16],"piu-hold-red-selected-mip-4":[1961,119,8,8],"piu-hold-red-selected-mip-5":[1743,121,4,4],"piu-hold-red-selected-mip-6":[1761,88,2,2],"piu-hold-red-selected-mip-7":[1761,92,1,1],"itg-roll-body-active":[653,1107,128,128],"itg-roll-body-active-mip-1":[587,981,64,64],"itg-roll-body-active-mip-2":[1827,653,32,32],"itg-roll-body-active-mip-3":[491,197,16,16],"itg-roll-body-active-mip-4":[1979,101,8,8],"itg-roll-body-active-mip-5":[1751,123,4,4],"itg-roll-body-active-mip-6":[1743,127,2,2],"itg-roll-body-active-mip-7":[1747,127,1,1],"itg-roll-body-active-selected":[653,1237,128,128],"itg-roll-body-active-selected-mip-1":[587,1047,64,64],"itg-roll-body-active-selected-mip-2":[587,1113,32,32],"itg-roll-body-active-selected-mip-3":[491,215,16,16],"itg-roll-body-active-selected-mip-4":[1979,111,8,8],"itg-roll-body-active-selected-mip-5":[1757,123,4,4],"itg-roll-body-active-selected-mip-6":[1761,103,2,2],"itg-roll-body-active-selected-mip-7":[1761,107,1,1],"itg-roll-center-body-active":[653,1367,128,128],"itg-roll-center-body-active-mip-1":[587,1147,64,64],"itg-roll-center-body-active-mip-2":[587,1213,32,32],"itg-roll-center-body-active-mip-3":[491,233,16,16],"itg-roll-center-body-active-mip-4":[1979,121,8,8],"itg-roll-center-body-active-mip-5":[1905,119,4,4],"itg-roll-center-body-active-mip-6":[1761,113,2,2],"itg-roll-center-body-active-mip-7":[1761,110,1,1],"itg-roll-center-body-active-selected":[653,1497,128,128],"itg-roll-center-body-active-selected-mip-1":[587,1247,64,64],"itg-roll-center-body-active-selected-mip-2":[587,1313,32,32],"itg-roll-center-body-active-selected-mip-3":[653,231,16,16],"itg-roll-center-body-active-selected-mip-4":[2029,85,8,8],"itg-roll-center-body-active-selected-mip-5":[1905,125,4,4],"itg-roll-center-body-active-selected-mip-6":[1761,117,2,2],"itg-roll-center-body-active-selected-mip-7":[1923,101,1,1],"itg-roll-solo-body-active":[653,1627,128,128],"itg-roll-solo-body-active-mip-1":[587,1347,64,64],"itg-roll-solo-body-active-mip-2":[587,1413,32,32],"itg-roll-solo-body-active-mip-3":[687,197,16,16],"itg-roll-solo-body-active-mip-4":[2039,85,8,8],"itg-roll-solo-body-active-mip-5":[1923,104,4,4],"itg-roll-solo-body-active-mip-6":[1923,111,2,2],"itg-roll-solo-body-active-mip-7":[1926,101,1,1],"itg-roll-solo-body-active-selected":[653,1757,128,128],"itg-roll-solo-body-active-selected-mip-1":[587,1447,64,64],"itg-roll-solo-body-active-selected-mip-2":[587,1513,32,32],"itg-roll-solo-body-active-selected-mip-3":[687,215,16,16],"itg-roll-solo-body-active-selected-mip-4":[1995,119,8,8],"itg-roll-solo-body-active-selected-mip-5":[1923,115,4,4],"itg-roll-solo-body-active-selected-mip-6":[1923,121,2,2],"itg-roll-solo-body-active-selected-mip-7":[1923,125,1,1],"piu-roll-center":[653,1887,128,128],"piu-roll-center-mip-1":[587,1547,64,64],"piu-roll-center-mip-2":[587,1613,32,32],"piu-roll-center-mip-3":[687,233,16,16],"piu-roll-center-mip-4":[2013,119,8,8],"piu-roll-center-mip-5":[1947,77,4,4],"piu-roll-center-mip-6":[1957,67,2,2],"piu-roll-center-mip-7":[1926,125,1,1],"piu-roll-center-selected":[783,717,128,128],"piu-roll-center-selected-mip-1":[587,1647,64,64],"piu-roll-center-selected-mip-2":[587,1713,32,32],"piu-roll-center-selected-mip-3":[849,231,16,16],"piu-roll-center-selected-mip-4":[2031,119,8,8],"piu-roll-center-selected-mip-5":[1953,77,4,4],"piu-roll-center-selected-mip-6":[1957,71,2,2],"piu-roll-center-selected-mip-7":[1923,128,1,1],"piu-hold-center":[913,717,128,128],"piu-hold-center-mip-1":[587,1747,64,64],"piu-hold-center-mip-2":[587,1813,32,32],"piu-hold-center-mip-3":[883,197,16,16],"piu-hold-center-mip-4":[119,391,8,8],"piu-hold-center-mip-5":[1947,95,4,4],"piu-hold-center-mip-6":[1957,85,2,2],"piu-hold-center-mip-7":[1926,128,1,1],"piu-hold-center-selected":[1043,717,128,128],"piu-hold-center-selected-mip-1":[587,1847,64,64],"piu-hold-center-selected-mip-2":[587,1913,32,32],"piu-hold-center-selected-mip-3":[883,215,16,16],"piu-hold-center-selected-mip-4":[101,409,8,8],"piu-hold-center-selected-mip-5":[1953,95,4,4],"piu-hold-center-selected-mip-6":[1957,89,2,2],"piu-hold-center-selected-mip-7":[1939,121,1,1],"piu-roll-red":[1173,717,128,128],"piu-roll-red-mip-1":[587,1947,64,64],"piu-roll-red-mip-2":[587,2013,32,32],"piu-roll-red-mip-3":[883,233,16,16],"piu-roll-red-mip-4":[111,409,8,8],"piu-roll-red-mip-5":[1939,124,4,4],"piu-roll-red-mip-6":[1957,103,2,2],"piu-roll-red-mip-7":[1942,121,1,1],"piu-roll-red-selected":[1303,717,128,128],"piu-roll-red-selected-mip-1":[1433,717,64,64],"piu-roll-red-selected-mip-2":[1433,783,32,32],"piu-roll-red-selected-mip-3":[1045,231,16,16],"piu-roll-red-selected-mip-4":[121,409,8,8],"piu-roll-red-selected-mip-5":[1947,123,4,4],"piu-roll-red-selected-mip-6":[1957,107,2,2],"piu-roll-red-selected-mip-7":[1957,113,1,1],"mine":[1499,717,128,128],"mine-mip-1":[1629,717,64,64],"mine-mip-2":[1629,783,32,32],"mine-mip-3":[1079,197,16,16],"mine-mip-4":[67,443,8,8],"mine-mip-5":[1953,123,4,4],"mine-mip-6":[1957,116,2,2],"mine-mip-7":[1957,120,1,1],"mine-selected":[1695,717,128,128],"mine-selected-mip-1":[1825,717,64,64],"mine-selected-mip-2":[1825,783,32,32],"mine-selected-mip-3":[1079,215,16,16],"mine-selected-mip-4":[85,443,8,8],"mine-selected-mip-5":[1971,119,4,4],"mine-selected-mip-6":[2045,1,2,2],"mine-selected-mip-7":[2045,5,1,1],"itg-down-fill":[1891,717,128,128],"itg-down-fill-mip-1":[783,847,64,64],"itg-down-fill-mip-2":[783,913,32,32],"itg-down-fill-mip-3":[1079,233,16,16],"itg-down-fill-mip-4":[121,425,8,8],"itg-down-fill-mip-5":[1971,125,4,4],"itg-down-fill-mip-6":[2045,8,2,2],"itg-down-fill-mip-7":[2045,12,1,1],"itg-down-rim":[849,847,128,128],"itg-down-rim-mip-1":[783,947,64,64],"itg-down-rim-mip-2":[783,1013,32,32],"itg-down-rim-mip-3":[1241,231,16,16],"itg-down-rim-mip-4":[103,443,8,8],"itg-down-rim-mip-5":[1989,101,4,4],"itg-down-rim-mip-6":[2045,15,2,2],"itg-down-rim-mip-7":[2045,19,1,1],"itg-down-rim-selected":[979,847,128,128],"itg-down-rim-selected-mip-1":[783,1047,64,64],"itg-down-rim-selected-mip-2":[783,1113,32,32],"itg-down-rim-selected-mip-3":[1275,197,16,16],"itg-down-rim-selected-mip-4":[113,443,8,8],"itg-down-rim-selected-mip-5":[1989,111,4,4],"itg-down-rim-selected-mip-6":[2045,22,2,2],"itg-down-rim-selected-mip-7":[2045,26,1,1],"itg-solo-fill":[1109,847,128,128],"itg-solo-fill-mip-1":[783,1147,64,64],"itg-solo-fill-mip-2":[783,1213,32,32],"itg-solo-fill-mip-3":[1275,215,16,16],"itg-solo-fill-mip-4":[119,587,8,8],"itg-solo-fill-mip-5":[1989,121,4,4],"itg-solo-fill-mip-6":[2045,29,2,2],"itg-solo-fill-mip-7":[2045,33,1,1],"itg-solo-rim":[1239,847,128,128],"itg-solo-rim-mip-1":[783,1247,64,64],"itg-solo-rim-mip-2":[783,1313,32,32],"itg-solo-rim-mip-3":[1275,233,16,16],"itg-solo-rim-mip-4":[101,605,8,8],"itg-solo-rim-mip-5":[2029,95,4,4],"itg-solo-rim-mip-6":[2045,37,2,2],"itg-solo-rim-mip-7":[2045,41,1,1],"itg-solo-rim-selected":[1369,847,128,128],"itg-solo-rim-selected-mip-1":[783,1347,64,64],"itg-solo-rim-selected-mip-2":[783,1413,32,32],"itg-solo-rim-selected-mip-3":[1437,231,16,16],"itg-solo-rim-selected-mip-4":[111,605,8,8],"itg-solo-rim-selected-mip-5":[2039,95,4,4],"itg-solo-rim-selected-mip-6":[2045,44,2,2],"itg-solo-rim-selected-mip-7":[2045,48,1,1],"itg-center-fill":[1499,847,128,128],"itg-center-fill-mip-1":[783,1447,64,64],"itg-center-fill-mip-2":[783,1513,32,32],"itg-center-fill-mip-3":[1471,197,16,16],"itg-center-fill-mip-4":[121,605,8,8],"itg-center-fill-mip-5":[2005,119,4,4],"itg-center-fill-mip-6":[2045,51,2,2],"itg-center-fill-mip-7":[1989,107,1,1],"itg-center-rim":[1629,847,128,128],"itg-center-rim-mip-1":[783,1547,64,64],"itg-center-rim-mip-2":[783,1613,32,32],"itg-center-rim-mip-3":[1471,215,16,16],"itg-center-rim-mip-4":[67,639,8,8],"itg-center-rim-mip-5":[2005,125,4,4],"itg-center-rim-mip-6":[1989,117,2,2],"itg-center-rim-mip-7":[1992,107,1,1],"itg-center-rim-selected":[1759,847,128,128],"itg-center-rim-selected-mip-1":[783,1647,64,64],"itg-center-rim-selected-mip-2":[783,1713,32,32],"itg-center-rim-selected-mip-3":[1471,233,16,16],"itg-center-rim-selected-mip-4":[85,639,8,8],"itg-center-rim-selected-mip-5":[2023,119,4,4],"itg-center-rim-selected-mip-6":[1989,127,2,2],"itg-center-rim-selected-mip-7":[2035,95,1,1],"piu-diagonal-fill":[1889,847,128,128],"piu-diagonal-fill-mip-1":[783,1747,64,64],"piu-diagonal-fill-mip-2":[783,1813,32,32],"piu-diagonal-fill-mip-3":[1633,231,16,16],"piu-diagonal-fill-mip-4":[121,621,8,8],"piu-diagonal-fill-mip-5":[2023,125,4,4],"piu-diagonal-fill-mip-6":[2045,95,2,2],"piu-diagonal-fill-mip-7":[2035,98,1,1],"piu-diagonal-rim":[849,977,128,128],"piu-diagonal-rim-mip-1":[783,1847,64,64],"piu-diagonal-rim-mip-2":[783,1913,32,32],"piu-diagonal-rim-mip-3":[1667,197,16,16],"piu-diagonal-rim-mip-4":[103,639,8,8],"piu-diagonal-rim-mip-5":[2041,119,4,4],"piu-diagonal-rim-mip-6":[2041,125,2,2],"piu-diagonal-rim-mip-7":[2045,125,1,1],"piu-diagonal-rim-selected":[849,1107,128,128],"piu-diagonal-rim-selected-mip-1":[783,1947,64,64],"piu-diagonal-rim-selected-mip-2":[783,2013,32,32],"piu-diagonal-rim-selected-mip-3":[1667,215,16,16],"piu-diagonal-rim-selected-mip-4":[113,639,8,8],"piu-diagonal-rim-selected-mip-5":[119,401,4,4],"piu-diagonal-rim-selected-mip-6":[125,401,2,2],"piu-diagonal-rim-selected-mip-7":[2045,128,1,1],"piu-center-fill":[849,1237,128,128],"piu-center-fill-mip-1":[849,1367,64,64],"piu-center-fill-mip-2":[915,1367,32,32],"piu-center-fill-mip-3":[1667,233,16,16],"piu-center-fill-mip-4":[119,783,8,8],"piu-center-fill-mip-5":[101,419,4,4],"piu-center-fill-mip-6":[125,405,2,2],"piu-center-fill-mip-7":[107,419,1,1],"piu-center-rim":[849,1433,128,128],"piu-center-rim-mip-1":[849,1563,64,64],"piu-center-rim-mip-2":[915,1563,32,32],"piu-center-rim-mip-3":[1829,231,16,16],"piu-center-rim-mip-4":[101,801,8,8],"piu-center-rim-mip-5":[111,419,4,4],"piu-center-rim-mip-6":[117,419,2,2],"piu-center-rim-mip-7":[107,422,1,1],"piu-center-rim-selected":[849,1629,128,128],"piu-center-rim-selected-mip-1":[849,1759,64,64],"piu-center-rim-selected-mip-2":[915,1759,32,32],"piu-center-rim-selected-mip-3":[1863,197,16,16],"piu-center-rim-selected-mip-4":[111,801,8,8],"piu-center-rim-selected-mip-5":[121,419,4,4],"piu-center-rim-selected-mip-6":[127,419,2,2],"piu-center-rim-selected-mip-7":[67,453,1,1],"piu-hold-diagonal-fill":[849,1825,128,128],"piu-hold-diagonal-fill-mip-1":[849,1955,64,64],"piu-hold-diagonal-fill-mip-2":[915,1955,32,32],"piu-hold-diagonal-fill-mip-3":[1863,215,16,16],"piu-hold-diagonal-fill-mip-4":[121,801,8,8],"piu-hold-diagonal-fill-mip-5":[77,443,4,4],"piu-hold-diagonal-fill-mip-6":[70,453,2,2],"piu-hold-diagonal-fill-mip-7":[74,453,1,1],"piu-hold-diagonal-rim":[979,977,128,128],"piu-hold-diagonal-rim-mip-1":[1109,977,64,64],"piu-hold-diagonal-rim-mip-2":[915,1989,32,32],"piu-hold-diagonal-rim-mip-3":[1863,233,16,16],"piu-hold-diagonal-rim-mip-4":[67,835,8,8],"piu-hold-diagonal-rim-mip-5":[77,449,4,4],"piu-hold-diagonal-rim-mip-6":[85,453,2,2],"piu-hold-diagonal-rim-mip-7":[89,453,1,1],"piu-hold-diagonal-rim-selected":[1175,977,128,128],"piu-hold-diagonal-rim-selected-mip-1":[1305,977,64,64],"piu-hold-diagonal-rim-selected-mip-2":[1109,1043,32,32],"piu-hold-diagonal-rim-selected-mip-3":[2025,131,16,16],"piu-hold-diagonal-rim-selected-mip-4":[85,835,8,8],"piu-hold-diagonal-rim-selected-mip-5":[95,443,4,4],"piu-hold-diagonal-rim-selected-mip-6":[95,449,2,2],"piu-hold-diagonal-rim-selected-mip-7":[92,453,1,1],"piu-roll-diagonal-fill":[1371,977,128,128],"piu-roll-diagonal-fill-mip-1":[1501,977,64,64],"piu-roll-diagonal-fill-mip-2":[1305,1043,32,32],"piu-roll-diagonal-fill-mip-3":[2025,149,16,16],"piu-roll-diagonal-fill-mip-4":[121,817,8,8],"piu-roll-diagonal-fill-mip-5":[121,435,4,4],"piu-roll-diagonal-fill-mip-6":[99,449,2,2],"piu-roll-diagonal-fill-mip-7":[95,453,1,1],"piu-hold-center-fill":[1567,977,128,128],"piu-hold-center-fill-mip-1":[1697,977,64,64],"piu-hold-center-fill-mip-2":[1501,1043,32,32],"piu-hold-center-fill-mip-3":[2025,167,16,16],"piu-hold-center-fill-mip-4":[103,835,8,8],"piu-hold-center-fill-mip-5":[123,443,4,4],"piu-hold-center-fill-mip-6":[98,453,2,2],"piu-hold-center-fill-mip-7":[127,435,1,1],"piu-hold-center-rim":[1763,977,128,128],"piu-hold-center-rim-mip-1":[1893,977,64,64],"piu-hold-center-rim-mip-2":[1697,1043,32,32],"piu-hold-center-rim-mip-3":[2025,185,16,16],"piu-hold-center-rim-mip-4":[113,835,8,8],"piu-hold-center-rim-mip-5":[123,449,4,4],"piu-hold-center-rim-mip-6":[127,438,2,2],"piu-hold-center-rim-mip-7":[103,453,1,1],"piu-hold-center-rim-selected":[979,1107,128,128],"piu-hold-center-rim-selected-mip-1":[1959,977,64,64],"piu-hold-center-rim-selected-mip-2":[1893,1043,32,32],"piu-hold-center-rim-selected-mip-3":[2025,203,16,16],"piu-hold-center-rim-selected-mip-4":[119,979,8,8],"piu-hold-center-rim-selected-mip-5":[119,597,4,4],"piu-hold-center-rim-selected-mip-6":[106,453,2,2],"piu-hold-center-rim-selected-mip-7":[110,453,1,1],"piu-roll-center-fill":[979,1237,128,128],"piu-roll-center-fill-mip-1":[979,1367,64,64],"piu-roll-center-fill-mip-2":[1959,1043,32,32],"piu-roll-center-fill-mip-3":[2025,221,16,16],"piu-roll-center-fill-mip-4":[101,997,8,8],"piu-roll-center-fill-mip-5":[125,597,4,4],"piu-roll-center-fill-mip-6":[113,453,2,2],"piu-roll-center-fill-mip-7":[117,453,1,1],"mine-fill":[979,1433,128,128],"mine-fill-mip-1":[979,1563,64,64],"mine-fill-mip-2":[1993,1043,32,32],"mine-fill-mip-3":[2025,239,16,16],"mine-fill-mip-4":[111,997,8,8],"mine-fill-mip-5":[101,615,4,4],"mine-fill-mip-6":[107,615,2,2],"mine-fill-mip-7":[120,453,1,1],"mine-rim":[979,1629,128,128],"mine-rim-mip-1":[979,1759,64,64],"mine-rim-mip-2":[1045,1367,32,32],"mine-rim-mip-3":[165,459,16,16],"mine-rim-mip-4":[121,997,8,8],"mine-rim-mip-5":[111,615,4,4],"mine-rim-mip-6":[117,615,2,2],"mine-rim-mip-7":[121,615,1,1],"mine-rim-selected":[979,1825,128,128],"mine-rim-selected-mip-1":[979,1955,64,64],"mine-rim-selected-mip-2":[1045,1563,32,32],"mine-rim-selected-mip-3":[165,559,16,16],"mine-rim-selected-mip-4":[67,1031,8,8],"mine-rim-selected-mip-5":[124,615,4,4],"mine-rim-selected-mip-6":[67,649,2,2],"mine-rim-selected-mip-7":[121,618,1,1],"itg-hold-body-fill":[1109,1107,128,128],"itg-hold-body-fill-mip-1":[1239,1107,64,64],"itg-hold-body-fill-mip-2":[1045,1759,32,32],"itg-hold-body-fill-mip-3":[165,659,16,16],"itg-hold-body-fill-mip-4":[85,1031,8,8],"itg-hold-body-fill-mip-5":[77,639,4,4],"itg-hold-body-fill-mip-6":[71,649,2,2],"itg-hold-body-fill-mip-7":[77,645,1,1],"itg-hold-center-body-fill":[1305,1107,128,128],"itg-hold-center-body-fill-mip-1":[1435,1107,64,64],"itg-hold-center-body-fill-mip-2":[1045,1955,32,32],"itg-hold-center-body-fill-mip-3":[165,759,16,16],"itg-hold-center-body-fill-mip-4":[121,1013,8,8],"itg-hold-center-body-fill-mip-5":[95,639,4,4],"itg-hold-center-body-fill-mip-6":[77,648,2,2],"itg-hold-center-body-fill-mip-7":[80,645,1,1],"itg-hold-body-rim":[1501,1107,128,128],"itg-hold-body-rim-mip-1":[1631,1107,64,64],"itg-hold-body-rim-mip-2":[1045,1989,32,32],"itg-hold-body-rim-mip-3":[165,859,16,16],"itg-hold-body-rim-mip-4":[103,1031,8,8],"itg-hold-body-rim-mip-5":[95,645,4,4],"itg-hold-body-rim-mip-6":[81,648,2,2],"itg-hold-body-rim-mip-7":[85,649,1,1],"itg-hold-body-rim-selected":[1697,1107,128,128],"itg-hold-body-rim-selected-mip-1":[1827,1107,64,64],"itg-hold-body-rim-selected-mip-2":[1239,1173,32,32],"itg-hold-body-rim-selected-mip-3":[165,959,16,16],"itg-hold-body-rim-selected-mip-4":[113,1031,8,8],"itg-hold-body-rim-selected-mip-5":[121,631,4,4],"itg-hold-body-rim-selected-mip-6":[88,649,2,2],"itg-hold-body-rim-selected-mip-7":[92,649,1,1],"itg-hold-center-body-rim":[1893,1107,128,128],"itg-hold-center-body-rim-mip-1":[1109,1237,64,64],"itg-hold-center-body-rim-mip-2":[1435,1173,32,32],"itg-hold-center-body-rim-mip-3":[165,1059,16,16],"itg-hold-center-body-rim-mip-4":[119,1175,8,8],"itg-hold-center-body-rim-mip-5":[123,639,4,4],"itg-hold-center-body-rim-mip-6":[127,631,2,2],"itg-hold-center-body-rim-mip-7":[127,635,1,1],"itg-hold-center-body-rim-selected":[1175,1237,128,128],"itg-hold-center-body-rim-selected-mip-1":[1109,1303,64,64],"itg-hold-center-body-rim-selected-mip-2":[1631,1173,32,32],"itg-hold-center-body-rim-selected-mip-3":[165,1159,16,16],"itg-hold-center-body-rim-selected-mip-4":[101,1193,8,8],"itg-hold-center-body-rim-selected-mip-5":[123,645,4,4],"itg-hold-center-body-rim-selected-mip-6":[103,649,2,2],"itg-hold-center-body-rim-selected-mip-7":[107,649,1,1],"itg-roll-body-fill":[1175,1367,128,128],"itg-roll-body-fill-mip-1":[1109,1369,64,64],"itg-roll-body-fill-mip-2":[1827,1173,32,32],"itg-roll-body-fill-mip-3":[165,1259,16,16],"itg-roll-body-fill-mip-4":[111,1193,8,8],"itg-roll-body-fill-mip-5":[119,793,4,4],"itg-roll-body-fill-mip-6":[113,649,2,2],"itg-roll-body-fill-mip-7":[110,649,1,1],"itg-roll-center-body-fill":[1175,1497,128,128],"itg-roll-center-body-fill-mip-1":[1109,1435,64,64],"itg-roll-center-body-fill-mip-2":[1109,1501,32,32],"itg-roll-center-body-fill-mip-3":[165,1359,16,16],"itg-roll-center-body-fill-mip-4":[121,1193,8,8],"itg-roll-center-body-fill-mip-5":[125,793,4,4],"itg-roll-center-body-fill-mip-6":[117,649,2,2],"itg-roll-center-body-fill-mip-7":[101,811,1,1],"snap-1-4":[1109,1535,40,40],"snap-1-4-mip-1":[165,1459,20,20],"snap-1-4-mip-2":[67,1227,10,10],"snap-1-4-mip-3":[77,835,5,5],"snap-1-4-mip-4":[104,811,2,2],"snap-1-4-mip-5":[101,814,1,1],"snap-1-8":[1109,1577,40,40],"snap-1-8-mip-1":[165,1559,20,20],"snap-1-8-mip-2":[85,1227,10,10],"snap-1-8-mip-3":[77,842,5,5],"snap-1-8-mip-4":[111,811,2,2],"snap-1-8-mip-5":[108,811,1,1],"snap-1-24":[1109,1619,40,40],"snap-1-24-mip-1":[165,1659,20,20],"snap-1-24-mip-2":[103,1227,10,10],"snap-1-24-mip-3":[95,835,5,5],"snap-1-24-mip-4":[115,811,2,2],"snap-1-24-mip-5":[108,814,1,1],"snap-1-32":[1109,1661,40,40],"snap-1-32-mip-1":[165,1759,20,20],"snap-1-32-mip-2":[115,1227,10,10],"snap-1-32-mip-3":[95,842,5,5],"snap-1-32-mip-4":[121,811,2,2],"snap-1-32-mip-5":[125,811,1,1],"snap-1-16":[1109,1703,40,40],"snap-1-16-mip-1":[165,1859,20,20],"snap-1-16-mip-2":[119,1371,10,10],"snap-1-16-mip-3":[121,827,5,5],"snap-1-16-mip-4":[67,845,2,2],"snap-1-16-mip-5":[128,811,1,1],"snap-1-12":[1109,1745,40,40],"snap-1-12-mip-1":[165,1959,20,20],"snap-1-12-mip-2":[101,1389,10,10],"snap-1-12-mip-3":[123,835,5,5],"snap-1-12-mip-4":[71,845,2,2],"snap-1-12-mip-5":[125,814,1,1],"snap-1-48":[1109,1787,40,40],"snap-1-48-mip-1":[131,2027,20,20],"snap-1-48-mip-2":[113,1389,10,10],"snap-1-48-mip-3":[123,842,5,5],"snap-1-48-mip-4":[85,845,2,2],"snap-1-48-mip-5":[128,814,1,1],"snap-1-64":[1109,1829,40,40],"snap-1-64-mip-1":[165,1993,20,20],"snap-1-64-mip-2":[67,1423,10,10],"snap-1-64-mip-3":[119,989,5,5],"snap-1-64-mip-4":[89,845,2,2],"snap-1-64-mip-5":[128,827,1,1],"itg-hold-solo-start-active":[653,2017,128,28],"itg-hold-solo-start-active-mip-1":[197,2017,64,14],"itg-hold-solo-start-active-mip-2":[197,2033,32,7],"itg-hold-solo-start-active-mip-3":[85,1423,16,3],"itg-hold-solo-start-active-mip-4":[103,845,8,1],"itg-hold-solo-start-active-selected":[1175,1627,128,28],"itg-hold-solo-start-active-selected-mip-1":[327,2023,64,14],"itg-hold-solo-start-active-selected-mip-2":[263,2019,32,7],"itg-hold-solo-start-active-selected-mip-3":[85,1428,16,3],"itg-hold-solo-start-active-selected-mip-4":[113,845,8,1],"itg-hold-solo-start-inactive":[1175,1657,128,28],"itg-hold-solo-start-inactive-mip-1":[849,2021,64,14],"itg-hold-solo-start-inactive-mip-2":[263,2028,32,7],"itg-hold-solo-start-inactive-mip-3":[103,1423,16,3],"itg-hold-solo-start-inactive-mip-4":[101,1007,8,1],"itg-hold-solo-start-inactive-selected":[1175,1687,128,28],"itg-hold-solo-start-inactive-selected-mip-1":[979,2021,64,14],"itg-hold-solo-start-inactive-selected-mip-2":[263,2037,32,7],"itg-hold-solo-start-inactive-selected-mip-3":[103,1428,16,3],"itg-hold-solo-start-inactive-selected-mip-4":[101,1010,8,1],"itg-roll-solo-start-active":[1175,1717,128,28],"itg-roll-solo-start-active-mip-1":[1109,1871,64,14],"itg-roll-solo-start-active-mip-2":[1107,361,32,7],"itg-roll-solo-start-active-mip-3":[101,1585,16,3],"itg-roll-solo-start-active-mip-4":[111,1007,8,1],"itg-roll-solo-start-active-selected":[1175,1747,128,28],"itg-roll-solo-start-active-selected-mip-1":[1109,1887,64,14],"itg-roll-solo-start-active-selected-mip-2":[1107,370,32,7],"itg-roll-solo-start-active-selected-mip-3":[101,1590,16,3],"itg-roll-solo-start-active-selected-mip-4":[111,1010,8,1],"itg-roll-solo-start-inactive":[1175,1777,128,28],"itg-roll-solo-start-inactive-mip-1":[1109,1903,64,14],"itg-roll-solo-start-inactive-mip-2":[1107,379,32,7],"itg-roll-solo-start-inactive-mip-3":[101,1595,16,3],"itg-roll-solo-start-inactive-mip-4":[121,1007,8,1],"itg-roll-solo-start-inactive-selected":[1175,1807,128,28],"itg-roll-solo-start-inactive-selected-mip-1":[1109,1919,64,14],"itg-roll-solo-start-inactive-selected-mip-2":[1303,361,32,7],"itg-roll-solo-start-inactive-selected-mip-3":[67,1619,16,3],"itg-roll-solo-start-inactive-selected-mip-4":[121,1010,8,1],"fake-marker":[1109,1935,40,40],"fake-marker-mip-1":[165,2015,20,20],"fake-marker-mip-2":[119,1567,10,10],"fake-marker-mip-3":[77,1031,5,5],"fake-marker-mip-4":[126,989,2,2],"fake-marker-mip-5":[128,830,1,1],"lift-marker":[1109,1977,40,40],"lift-marker-mip-1":[297,1951,20,20],"lift-marker-mip-2":[119,1585,10,10],"lift-marker-mip-3":[77,1038,5,5],"lift-marker-mip-4":[126,993,2,2],"lift-marker-mip-5":[67,1041,1,1],"player-marker-fill":[1175,1837,40,40],"player-marker-fill-mip-1":[297,1985,20,20],"player-marker-fill-mip-2":[85,1619,10,10],"player-marker-fill-mip-3":[95,1031,5,5],"player-marker-fill-mip-4":[70,1041,2,2],"player-marker-fill-mip-5":[74,1041,1,1],"player-marker-rim":[1217,1837,40,40],"player-marker-rim-mip-1":[297,2019,20,20],"player-marker-rim-mip-2":[103,1619,10,10],"player-marker-rim-mip-3":[95,1038,5,5],"player-marker-rim-mip-4":[85,1041,2,2],"player-marker-rim-mip-5":[89,1041,1,1],"itg-hold-end-inactive":[1175,1879,128,65],"itg-hold-end-inactive-mip-1":[1175,1946,64,32],"itg-hold-end-inactive-mip-2":[1303,370,32,16],"itg-hold-end-inactive-mip-3":[101,1781,16,8],"itg-hold-end-inactive-mip-4":[121,1023,8,4],"itg-hold-end-inactive-mip-5":[103,1041,4,2],"itg-hold-end-inactive-mip-6":[109,1041,2,1],"itg-hold-end-inactive-selected":[1175,1980,128,65],"itg-hold-end-inactive-selected-mip-1":[1305,1237,64,32],"itg-hold-end-inactive-selected-mip-2":[1499,361,32,16],"itg-hold-end-inactive-selected-mip-3":[67,1815,16,8],"itg-hold-end-inactive-selected-mip-4":[119,1185,8,4],"itg-hold-end-inactive-selected-mip-5":[113,1041,4,2],"itg-hold-end-inactive-selected-mip-6":[119,1041,2,1],"itg-hold-center-end-inactive":[1305,1271,128,51],"itg-hold-center-end-inactive-mip-1":[1109,2019,64,25],"itg-hold-center-end-inactive-mip-2":[1695,361,32,12],"itg-hold-center-end-inactive-mip-3":[67,1624,16,6],"itg-hold-center-end-inactive-mip-4":[101,1203,8,3],"itg-hold-center-end-inactive-mip-5":[123,1031,4,1],"itg-hold-center-end-inactive-selected":[1435,1271,128,51],"itg-hold-center-end-inactive-selected-mip-1":[1371,1237,64,25],"itg-hold-center-end-inactive-selected-mip-2":[1695,375,32,12],"itg-hold-center-end-inactive-selected-mip-3":[85,1815,16,6],"itg-hold-center-end-inactive-selected-mip-4":[111,1203,8,3],"itg-hold-center-end-inactive-selected-mip-5":[123,1034,4,1],"itg-hold-solo-end-inactive":[1305,1324,128,53],"itg-hold-solo-end-inactive-mip-1":[1437,1237,64,26],"itg-hold-solo-end-inactive-mip-2":[1891,361,32,13],"itg-hold-solo-end-inactive-mip-3":[103,1815,16,6],"itg-hold-solo-end-inactive-mip-4":[121,1203,8,3],"itg-hold-solo-end-inactive-mip-5":[123,1037,4,1],"itg-hold-solo-end-inactive-selected":[1435,1324,128,53],"itg-hold-solo-end-inactive-selected-mip-1":[1503,1237,64,26],"itg-hold-solo-end-inactive-selected-mip-2":[1891,376,32,13],"itg-hold-solo-end-inactive-selected-mip-3":[101,1977,16,6],"itg-hold-solo-end-inactive-selected-mip-4":[121,1209,8,3],"itg-hold-solo-end-inactive-selected-mip-5":[123,1040,4,1],"itg-roll-end-inactive":[1305,1379,128,65],"itg-roll-end-inactive-mip-1":[1569,1237,64,32],"itg-roll-end-inactive-mip-2":[1957,361,32,16],"itg-roll-end-inactive-mip-3":[261,249,16,8],"itg-roll-end-inactive-mip-4":[121,1214,8,4],"itg-roll-end-inactive-mip-5":[79,1227,4,2],"itg-roll-end-inactive-mip-6":[79,1231,2,1],"itg-roll-end-inactive-selected":[1305,1446,128,65],"itg-roll-end-inactive-selected-mip-1":[1635,1237,64,32],"itg-roll-end-inactive-selected-mip-2":[1991,361,32,16],"itg-roll-end-inactive-selected-mip-3":[295,251,16,8],"itg-roll-end-inactive-selected-mip-4":[121,1220,8,4],"itg-roll-end-inactive-selected-mip-5":[79,1234,4,2],"itg-roll-end-inactive-selected-mip-6":[79,1238,2,1],"itg-roll-center-end-inactive":[1565,1271,128,51],"itg-roll-center-end-inactive-mip-1":[1701,1237,64,25],"itg-roll-center-end-inactive-mip-2":[393,685,32,12],"itg-roll-center-end-inactive-mip-3":[101,1985,16,6],"itg-roll-center-end-inactive-mip-4":[119,1383,8,3],"itg-roll-center-end-inactive-mip-5":[97,1227,4,1],"itg-roll-center-end-inactive-selected":[1695,1271,128,51],"itg-roll-center-end-inactive-selected-mip-1":[1767,1237,64,25],"itg-roll-center-end-inactive-selected-mip-2":[393,699,32,12],"itg-roll-center-end-inactive-selected-mip-3":[457,249,16,6],"itg-roll-center-end-inactive-selected-mip-4":[121,1405,8,3],"itg-roll-center-end-inactive-selected-mip-5":[97,1230,4,1],"itg-roll-solo-end-inactive":[1565,1324,128,53],"itg-roll-solo-end-inactive-mip-1":[1833,1237,64,26],"itg-roll-solo-end-inactive-mip-2":[393,881,32,13],"itg-roll-solo-end-inactive-mip-3":[491,251,16,6],"itg-roll-solo-end-inactive-mip-4":[121,1410,8,3],"itg-roll-solo-end-inactive-mip-5":[97,1233,4,1],"itg-roll-solo-end-inactive-selected":[1695,1324,128,53],"itg-roll-solo-end-inactive-selected-mip-1":[1899,1237,64,26],"itg-roll-solo-end-inactive-selected-mip-2":[393,896,32,13],"itg-roll-solo-end-inactive-selected-mip-3":[653,249,16,6],"itg-roll-solo-end-inactive-selected-mip-4":[121,1415,8,3],"itg-roll-solo-end-inactive-selected-mip-5":[97,1236,4,1],"itg-hold-end-active":[1305,1513,128,65],"itg-hold-end-active-mip-1":[1965,1237,64,32],"itg-hold-end-active-mip-2":[393,1077,32,16],"itg-hold-end-active-mip-3":[687,251,16,8],"itg-hold-end-active-mip-4":[121,1423,8,4],"itg-hold-end-active-mip-5":[101,1401,4,2],"itg-hold-end-active-mip-6":[127,1227,2,1],"itg-hold-end-active-selected":[1305,1580,128,65],"itg-hold-end-active-selected-mip-1":[1825,1271,64,32],"itg-hold-end-active-selected-mip-2":[393,1273,32,16],"itg-hold-end-active-selected-mip-3":[849,249,16,8],"itg-hold-end-active-selected-mip-4":[121,1429,8,4],"itg-hold-end-active-selected-mip-5":[107,1401,4,2],"itg-hold-end-active-selected-mip-6":[127,1230,2,1],"itg-hold-center-end-active":[1891,1271,128,51],"itg-hold-center-end-active-mip-1":[1825,1324,64,25],"itg-hold-center-end-active-mip-2":[393,1095,32,12],"itg-hold-center-end-active-mip-3":[883,251,16,6],"itg-hold-center-end-active-mip-4":[119,1579,8,3],"itg-hold-center-end-active-mip-5":[113,1401,4,1],"itg-hold-center-end-active-selected":[1891,1324,128,51],"itg-hold-center-end-active-selected-mip-1":[1825,1351,64,25],"itg-hold-center-end-active-selected-mip-2":[393,1291,32,12],"itg-hold-center-end-active-selected-mip-3":[1045,249,16,6],"itg-hold-center-end-active-selected-mip-4":[121,1601,8,3],"itg-hold-center-end-active-selected-mip-5":[119,1401,4,1],"itg-hold-solo-end-active":[1305,1647,128,53],"itg-hold-solo-end-active-mip-1":[1305,1702,64,26],"itg-hold-solo-end-active-mip-2":[393,1469,32,13],"itg-hold-solo-end-active-mip-3":[1079,251,16,6],"itg-hold-solo-end-active-mip-4":[121,1606,8,3],"itg-hold-solo-end-active-mip-5":[125,1389,4,1],"itg-hold-solo-end-active-selected":[1305,1730,128,53],"itg-hold-solo-end-active-selected-mip-1":[1305,1785,64,26],"itg-hold-solo-end-active-selected-mip-2":[393,1484,32,13],"itg-hold-solo-end-active-selected-mip-3":[1241,249,16,6],"itg-hold-solo-end-active-selected-mip-4":[121,1611,8,3],"itg-hold-solo-end-active-selected-mip-5":[125,1392,4,1],"itg-roll-end-active":[1305,1813,128,65],"itg-roll-end-active-mip-1":[1305,1880,64,32],"itg-roll-end-active-mip-2":[393,1665,32,16],"itg-roll-end-active-mip-3":[1275,251,16,8],"itg-roll-end-active-mip-4":[115,1619,8,4],"itg-roll-end-active-mip-5":[125,1395,4,2],"itg-roll-end-active-mip-6":[127,1233,2,1],"itg-roll-end-active-selected":[1305,1914,128,65],"itg-roll-end-active-selected-mip-1":[1305,1981,64,32],"itg-roll-end-active-selected-mip-2":[393,1861,32,16],"itg-roll-end-active-selected-mip-3":[1437,249,16,8],"itg-roll-end-active-selected-mip-4":[115,1625,8,4],"itg-roll-end-active-selected-mip-5":[125,1399,4,2],"itg-roll-end-active-selected-mip-6":[127,1236,2,1],"itg-roll-center-end-active":[1435,1379,128,51],"itg-roll-center-end-active-mip-1":[1305,2015,64,25],"itg-roll-center-end-active-mip-2":[393,1683,32,12],"itg-roll-center-end-active-mip-3":[1471,251,16,6],"itg-roll-center-end-active-mip-4":[119,1763,8,3],"itg-roll-center-end-active-mip-5":[79,1423,4,1],"itg-roll-center-end-active-selected":[1565,1379,128,51],"itg-roll-center-end-active-selected-mip-1":[1695,1379,64,25],"itg-roll-center-end-active-selected-mip-2":[393,1879,32,12],"itg-roll-center-end-active-selected-mip-3":[1633,249,16,6],"itg-roll-center-end-active-selected-mip-4":[119,1768,8,3],"itg-roll-center-end-active-selected-mip-5":[79,1426,4,1],"itg-roll-solo-end-active":[1435,1432,128,53],"itg-roll-solo-end-active-mip-1":[1761,1379,64,26],"itg-roll-solo-end-active-mip-2":[393,2023,32,13],"itg-roll-solo-end-active-mip-3":[1667,251,16,6],"itg-roll-solo-end-active-mip-4":[119,1773,8,3],"itg-roll-solo-end-active-mip-5":[79,1429,4,1],"itg-roll-solo-end-active-selected":[1565,1432,128,53],"itg-roll-solo-end-active-selected-mip-1":[1827,1379,64,26],"itg-roll-solo-end-active-selected-mip-2":[721,425,32,13],"itg-roll-solo-end-active-selected-mip-3":[1829,249,16,6],"itg-roll-solo-end-active-selected-mip-4":[101,1791,8,3],"itg-roll-solo-end-active-selected-mip-5":[79,1432,4,1],"itg-hold-end-fill":[1435,1487,128,65],"itg-hold-end-fill-mip-1":[1893,1379,64,32],"itg-hold-end-fill-mip-2":[821,425,32,16],"itg-hold-end-fill-mip-3":[1863,251,16,8],"itg-hold-end-fill-mip-4":[119,1781,8,4],"itg-hold-end-fill-mip-5":[85,1433,4,2],"itg-hold-end-fill-mip-6":[91,1433,2,1],"itg-hold-center-end-fill":[1695,1432,128,51],"itg-hold-center-end-fill-mip-1":[1959,1379,64,25],"itg-hold-center-end-fill-mip-2":[721,440,32,12],"itg-hold-center-end-fill-mip-3":[165,477,16,6],"itg-hold-center-end-fill-mip-4":[119,1787,8,3],"itg-hold-center-end-fill-mip-5":[95,1433,4,1],"itg-hold-end-rim":[1565,1487,128,65],"itg-hold-end-rim-mip-1":[1825,1432,64,32],"itg-hold-end-rim-mip-2":[921,425,32,16],"itg-hold-end-rim-mip-3":[165,577,16,8],"itg-hold-end-rim-mip-4":[85,1823,8,4],"itg-hold-end-rim-mip-5":[103,1433,4,2],"itg-hold-end-rim-mip-6":[121,1420,2,1],"itg-hold-end-rim-selected":[1695,1487,128,65],"itg-hold-end-rim-selected-mip-1":[1891,1432,64,32],"itg-hold-end-rim-selected-mip-2":[1021,425,32,16],"itg-hold-end-rim-selected-mip-3":[165,677,16,8],"itg-hold-end-rim-selected-mip-4":[121,1797,8,4],"itg-hold-end-rim-selected-mip-5":[109,1433,4,2],"itg-hold-end-rim-selected-mip-6":[125,1420,2,1],"itg-hold-center-end-rim":[1825,1487,128,51],"itg-hold-center-end-rim-mip-1":[1957,1432,64,25],"itg-hold-center-end-rim-mip-2":[821,443,32,12],"itg-hold-center-end-rim-mip-3":[165,485,16,6],"itg-hold-center-end-rim-mip-4":[119,1792,8,3],"itg-hold-center-end-rim-mip-5":[115,1433,4,1],"itg-hold-center-end-rim-selected":[1435,1554,128,51],"itg-hold-center-end-rim-selected-mip-1":[1957,1459,64,25],"itg-hold-center-end-rim-selected-mip-2":[921,443,32,12],"itg-hold-center-end-rim-selected-mip-3":[165,777,16,6],"itg-hold-center-end-rim-selected-mip-4":[121,1803,8,3],"itg-hold-center-end-rim-selected-mip-5":[119,1597,4,1],"itg-roll-end-fill":[1435,1607,128,65],"itg-roll-end-fill-mip-1":[1955,1487,64,32],"itg-roll-end-fill-mip-2":[1121,425,32,16],"itg-roll-end-fill-mip-3":[165,877,16,8],"itg-roll-end-fill-mip-4":[121,1808,8,4],"itg-roll-end-fill-mip-5":[125,1597,4,2],"itg-roll-end-fill-mip-6":[97,1619,2,1],"itg-roll-center-end-fill":[1435,1674,128,51],"itg-roll-center-end-fill-mip-1":[1955,1521,64,25],"itg-roll-center-end-fill-mip-2":[1021,443,32,12],"itg-roll-center-end-fill-mip-3":[165,785,16,6],"itg-roll-center-end-fill-mip-4":[103,1823,8,3],"itg-roll-center-end-fill-mip-5":[97,1622,4,1],"icon-dance-left":[1141,327,16,16],"icon-dance-down":[1141,345,16,16],"icon-dance-up":[1141,363,16,16],"icon-dance-right":[1337,327,16,16],"icon-dance-center":[1337,345,16,16],"icon-dance-up-left":[1337,363,16,16],"icon-dance-up-right":[1533,327,16,16],"icon-pump-down-left":[1533,345,16,16],"icon-pump-up-left":[1533,363,16,16],"icon-pump-center":[1729,327,16,16],"icon-pump-up-right":[1729,345,16,16],"icon-pump-down-right":[1729,363,16,16],"icon-dance-left-dim":[1925,327,16,16],"icon-dance-down-dim":[1925,345,16,16],"icon-dance-up-dim":[1925,363,16,16],"icon-dance-right-dim":[2023,261,16,16],"icon-dance-center-dim":[2023,279,16,16],"icon-dance-up-left-dim":[2023,297,16,16],"icon-dance-up-right-dim":[2025,327,16,16],"icon-pump-down-left-dim":[2025,361,16,16],"icon-pump-up-left-dim":[427,651,16,16],"icon-pump-center-dim":[427,685,16,16],"icon-pump-up-right-dim":[427,847,16,16],"icon-pump-down-right-dim":[427,881,16,16],"measure-marker":[1825,1540,128,1],"beat-marker":[1825,1543,128,1],"focused-chart-boundary":[92,1041,1,1],"unfocused-chart-boundary":[97,1625,1,1],"region-rect":[100,1625,1,1],"dark-bg":[97,1628,1,1]}